reach,chosen_model,age_only_rule,random
0.05,0.0799958208603862,0.0612648679365578,0.05
0.1,0.154883934737107,0.124152462415551,0.1
0.15,0.220854050699486,0.18485694389806,0.15
0.2,0.284277998589257,0.246799394873202,0.2
0.25,0.342846479767938,0.305899976250906,0.25
0.3,0.397396258157655,0.362409523597793,0.3
0.35,0.457529570859359,0.414923362972092,0.35
0.4,0.511414750901879,0.468251010922501,0.4
0.45,0.565988635044854,0.523397870871388,0.45
0.5,0.618549083387726,0.578382435334621,0.5
0.55,0.666856942049134,0.633240153593582,0.55
0.6,0.714567686423358,0.685929091722153,0.6
0.65,0.766362020901048,0.733302808464193,0.65
0.7,0.809864991773413,0.780676525206233,0.7
0.75,0.849894965937233,0.824585962077892,0.75
0.8,0.887100265604797,0.867419330607838,0.8
0.85,0.919554227165765,0.910252699137785,0.85
0.9,0.953679247845408,0.940592641762942,0.9
0.95,0.98101794046403,0.970296320881471,0.95
1,1,1,1
