predictor,auc_drop_mean,auc_drop_min,auc_drop_max
age,0.0497026748291548,0.0443203249039145,0.0557145892005497
marstat,0.0118720051932544,0.0103710311757943,0.0133485754031977
prov,0.0104287486484647,0.00898165054843581,0.0108997073968452
lkansads,0.00694503291851367,0.00599299132751074,0.00833766643569545
schooln,0.00605492755782693,0.00558893637490754,0.00708530407563368
efamtype,0.00585854759900915,0.00370514209684047,0.00762803971598747
lkpubag,0.00514413864459571,0.00458097314865469,0.00612691770216201
immig,0.00325646100062253,0.00160922508839156,0.004305093559963
unemftpt,0.00295927149296489,0.00181396849606374,0.00375990310278751
lkatads,0.00254673994141585,0.00197369413292325,0.00421888953659466
gender,0.00232531518901662,0.00108748062474884,0.00369102547991562
educ,0.000273439933012276,-0.00241939637257638,0.00252762099726611
lkothern,-0.000785535883068667,-0.00166767903507603,0.000141426358615804
lkrels,-0.000887797667654366,-0.00112077540463307,-0.000254234713499835
lkemploy,-0.001744724392747,-0.00232478901001643,-0.000596298112330529
agyownk,-0.00242551357161791,-0.0036659161254492,-0.0011779974730648
cma,-0.0064652444711315,-0.00729470391022147,-0.00537046440740796
