year,month,unemployment_rate,ltu_share,ltu_people
2022,1,6.9096010712601,18.6443226663175,249214
2022,2,5.6896551891997,18.2274922447829,206831
2022,3,5.71724055634372,20.3507080966043,226342
2022,4,5.49962867625017,21.3946435404128,227013
2022,5,5.10385275053414,19.0462477909619,193132
2022,6,4.68549624742333,20.0708292540492,186967
2022,7,5.18462853895707,16.3643541730133,172433
2022,8,5.926833278356,17.1719528237186,183279
2022,9,4.74258825777894,16.6973311820562,157819
2022,10,4.67208993391977,17.1101576439562,159473
2022,11,4.67965211916777,17.3386363902083,163129
2022,12,4.51835269817224,16.298205226355,151152
2023,1,5.47609961997997,14.9684904560688,164366
2023,2,5.27399988104443,14.0959059222075,151127
2023,3,5.33918739043411,15.8583456120455,168222
2023,4,5.17870713712406,16.9239899163291,172535
2023,5,5.1663143628199,16.6360106660221,176186
2023,6,5.12066242185489,15.1607301697434,160384
2023,7,5.87948211738718,13.7457094501249,170638
2023,8,6.21726139059709,13.567860855455,160539
2023,9,5.14284917075542,15.6379670950352,167781
2023,10,5.24778517546481,17.7840349071794,196491
2023,11,5.32570950181098,17.0898416575604,191424
2023,12,5.27904298292787,18.6952402339399,208961
2024,1,6.09660781607515,16.6352454143225,212653
2024,2,6.04169171906972,17.9071205773764,227573
2024,3,6.45107978067113,18.5902367938472,250802
2024,4,6.24226136442676,19.8326915706494,254078
2024,5,6.2693806592152,18.8030743394051,251471
2024,6,6.16723682130549,18.6595989727737,248207
2024,7,6.71617650475969,17.8751458832167,260990
2024,8,7.45413977612543,19.4900142534751,293031
2024,9,6.01592938198233,21.2144401852948,275555
2024,10,5.98377557557364,24.0494474186879,311487
2024,11,6.48913805626164,23.8374336913928,338462
2024,12,6.16617583490694,23.8414828779389,318187
2025,1,7.05030443076849,22.6383495942972,344567
2025,2,6.68644132221869,23.6841382926016,345139
2025,3,7.09438646299418,24.2680443422974,370624
2025,4,6.97892313617203,24.7848076079165,363723
2025,5,7.02923719070581,23.1784843916191,359133
2025,6,6.48758345125163,23.3056313336945,335145
2025,7,7.2142593875363,22.5467418006744,365466
2025,8,7.98322171534754,21.8064846894159,359836
2025,9,6.63092031875622,23.8327090877309,344942
2025,10,6.25359524504423,23.7054511057643,327295
2025,11,6.11137658548071,25.1233620517969,339341
2025,12,6.28943737908407,24.6266514441988,337146
2026,1,6.7431267664224,25.6806422568618,375923
2026,2,6.85827698691296,22.9047374345422,336969
2026,3,7.0295186616752,24.1680059059787,362726
2026,4,7.05985450998612,24.5335032828919,364166
2026,5,6.60998971373487,24.5577207224434,353183
2026,6,6.11277028594403,25.0308738755742,336865
2026,7,6.68056050338929,22.6803186229114,339198
2026,8,7.30229518699029,22.7254577379127,343758
