Share Of Job Searchers Reached,Chosen Model,Age-Only Rule,Random
0.05,0.08,0.0613,0.05
0.1,0.1549,0.1242,0.1
0.15,0.2209,0.1849,0.15
0.2,0.2843,0.2468,0.2
0.25,0.3428,0.3059,0.25
0.3,0.3974,0.3624,0.3
0.35,0.4575,0.4149,0.35
0.4,0.5114,0.4683,0.4
0.45,0.566,0.5234,0.45
0.5,0.6185,0.5784,0.5
0.55,0.6669,0.6332,0.55
0.6,0.7146,0.6859,0.6
0.65,0.7664,0.7333,0.65
0.7,0.8099,0.7807,0.7
0.75,0.8499,0.8246,0.75
0.8,0.8871,0.8674,0.8
0.85,0.9196,0.9103,0.85
0.9,0.9537,0.9406,0.9
0.95,0.981,0.9703,0.95
1,1,1,1
