Date,Year,Month,Unemployment Rate,Long-Term Share,Long-Term People,Long-Term People 3-Month Average,Long-Term Share 3-Month Average
2022-01-01,2022,1,6.91,18.644,249214,,
2022-02-01,2022,2,5.69,18.227,206831,,
2022-03-01,2022,3,5.717,20.351,226342,227462,19.074
2022-04-01,2022,4,5.5,21.395,227013,220062,19.991
2022-05-01,2022,5,5.104,19.046,193132,215496,20.264
2022-06-01,2022,6,4.685,20.071,186967,202371,20.171
2022-07-01,2022,7,5.185,16.364,172433,184177,18.494
2022-08-01,2022,8,5.927,17.172,183279,180893,17.869
2022-09-01,2022,9,4.743,16.697,157819,171177,16.745
2022-10-01,2022,10,4.672,17.11,159473,166857,16.993
2022-11-01,2022,11,4.68,17.339,163129,160140,17.049
2022-12-01,2022,12,4.518,16.298,151152,157918,16.916
2023-01-01,2023,1,5.476,14.968,164366,159549,16.202
2023-02-01,2023,2,5.274,14.096,151127,155548,15.121
2023-03-01,2023,3,5.339,15.858,168222,161238,14.974
2023-04-01,2023,4,5.179,16.924,172535,163961,15.626
2023-05-01,2023,5,5.166,16.636,176186,172314,16.473
2023-06-01,2023,6,5.121,15.161,160384,169702,16.24
2023-07-01,2023,7,5.879,13.746,170638,169069,15.181
2023-08-01,2023,8,6.217,13.568,160539,163854,14.158
2023-09-01,2023,9,5.143,15.638,167781,166319,14.317
2023-10-01,2023,10,5.248,17.784,196491,174937,15.663
2023-11-01,2023,11,5.326,17.09,191424,185232,16.837
2023-12-01,2023,12,5.279,18.695,208961,198959,17.856
2024-01-01,2024,1,6.097,16.635,212653,204346,17.473
2024-02-01,2024,2,6.042,17.907,227573,216396,17.746
2024-03-01,2024,3,6.451,18.59,250802,230343,17.711
2024-04-01,2024,4,6.242,19.833,254078,244151,18.777
2024-05-01,2024,5,6.269,18.803,251471,252117,19.075
2024-06-01,2024,6,6.167,18.66,248207,251252,19.098
2024-07-01,2024,7,6.716,17.875,260990,253556,18.446
2024-08-01,2024,8,7.454,19.49,293031,267409,18.675
2024-09-01,2024,9,6.016,21.214,275555,276525,19.527
2024-10-01,2024,10,5.984,24.049,311487,293358,21.585
2024-11-01,2024,11,6.489,23.837,338462,308501,23.034
2024-12-01,2024,12,6.166,23.841,318187,322712,23.909
2025-01-01,2025,1,7.05,22.638,344567,333739,23.439
2025-02-01,2025,2,6.686,23.684,345139,335964,23.388
2025-03-01,2025,3,7.094,24.268,370624,353443,23.53
2025-04-01,2025,4,6.979,24.785,363723,359829,24.246
2025-05-01,2025,5,7.029,23.178,359133,364493,24.077
2025-06-01,2025,6,6.488,23.306,335145,352667,23.756
2025-07-01,2025,7,7.214,22.547,365466,353248,23.01
2025-08-01,2025,8,7.983,21.806,359836,353482,22.553
2025-09-01,2025,9,6.631,23.833,344942,356748,22.729
2025-10-01,2025,10,6.254,23.705,327295,344024,23.115
2025-11-01,2025,11,6.111,25.123,339341,337193,24.221
2025-12-01,2025,12,6.289,24.627,337146,334594,24.485
2026-01-01,2026,1,6.743,25.681,375923,350803,25.144
2026-02-01,2026,2,6.858,22.905,336969,350013,24.404
2026-03-01,2026,3,7.03,24.168,362726,358539,24.251
2026-04-01,2026,4,7.06,24.534,364166,354620,23.869
2026-05-01,2026,5,6.61,24.558,353183,360025,24.42
2026-06-01,2026,6,6.113,25.031,336865,351405,24.707
2026-07-01,2026,7,6.681,22.68,339198,343082,24.09
2026-08-01,2026,8,7.302,22.725,343758,339940,23.479
